state,district,market,commodity,variety,grade,arrival_date,min_price,max_price,modal_price
Maharashtra,Nashik,Nashik,Tomato,Demo,FAQ,2025-01-01,2316.98,2606.73,2440.87
Maharashtra,Pune,Pune,Tomato,Demo,FAQ,2025-01-01,2577.75,2844.73,2667.17
Maharashtra,Nagpur,Nagpur,Tomato,Demo,FAQ,2025-01-01,2161.04,2412.46,2319.64
Maharashtra,Nashik,Nashik,Onion,Demo,FAQ,2025-01-01,1884.86,2174.61,2001.94
Maharashtra,Pune,Pune,Onion,Demo,FAQ,2025-01-01,2099.95,2386.57,2262.23
Maharashtra,Nagpur,Nagpur,Onion,Demo,FAQ,2025-01-01,1765.73,1987.57,1901.19
Maharashtra,Nashik,Nashik,Potato,Demo,FAQ,2025-01-01,1766.55,2065.53,1909.72
Maharashtra,Pune,Pune,Potato,Demo,FAQ,2025-01-01,1695.52,2041.9,1872.59
Maharashtra,Nagpur,Nagpur,Potato,Demo,FAQ,2025-01-01,1553.44,1779.58,1652.9
Maharashtra,Nashik,Nashik,Soyabean,Demo,FAQ,2025-01-01,4552.73,4796.46,4648.16
Maharashtra,Pune,Pune,Soyabean,Demo,FAQ,2025-01-01,4834.55,5123.88,5011.3
Maharashtra,Nagpur,Nagpur,Soyabean,Demo,FAQ,2025-01-01,4279.7,4505.6,4406.65
Maharashtra,Nashik,Nashik,Wheat,Demo,FAQ,2025-01-01,2463.06,2693.32,2590.63
Maharashtra,Pune,Pune,Wheat,Demo,FAQ,2025-01-01,2708.66,2995.64,2832.37
Maharashtra,Nagpur,Nagpur,Wheat,Demo,FAQ,2025-01-01,2252.52,2526.99,2363.76
Maharashtra,Nashik,Nashik,Tomato,Demo,FAQ,2025-01-08,2343.43,2571.01,2462.18
Maharashtra,Pune,Pune,Tomato,Demo,FAQ,2025-01-08,2594.92,2788.88,2688.89
Maharashtra,Nagpur,Nagpur,Tomato,Demo,FAQ,2025-01-08,2183.74,2488.91,2342.43
Maharashtra,Nashik,Nashik,Onion,Demo,FAQ,2025-01-08,1801.39,2085.35,1959.46
Maharashtra,Pune,Pune,Onion,Demo,FAQ,2025-01-08,2113.67,2299.11,2207.65
Maharashtra,Nagpur,Nagpur,Onion,Demo,FAQ,2025-01-08,1803.31,2066.94,1930.42
Maharashtra,Nashik,Nashik,Potato,Demo,FAQ,2025-01-08,1650.66,1929.49,1794.13
Maharashtra,Pune,Pune,Potato,Demo,FAQ,2025-01-08,1959.27,2152.75,2069.67
Maharashtra,Nagpur,Nagpur,Potato,Demo,FAQ,2025-01-08,1577.38,1799.69,1678.84
Maharashtra,Nashik,Nashik,Soyabean,Demo,FAQ,2025-01-08,4377.84,4567.07,4481.24
Maharashtra,Pune,Pune,Soyabean,Demo,FAQ,2025-01-08,4734.62,4990.17,4843.98
Maharashtra,Nagpur,Nagpur,Soyabean,Demo,FAQ,2025-01-08,4324.66,4629.48,4483.05
Maharashtra,Nashik,Nashik,Wheat,Demo,FAQ,2025-01-08,2435.8,2693.9,2597.2
Maharashtra,Pune,Pune,Wheat,Demo,FAQ,2025-01-08,2651.75,2892.99,2740.75
Maharashtra,Nagpur,Nagpur,Wheat,Demo,FAQ,2025-01-08,2496.63,2722.86,2592.76
Maharashtra,Nashik,Nashik,Tomato,Demo,FAQ,2025-01-15,2371.9,2646.14,2521.53
Maharashtra,Pune,Pune,Tomato,Demo,FAQ,2025-01-15,2491.87,2745.05,2602.02
Maharashtra,Nagpur,Nagpur,Tomato,Demo,FAQ,2025-01-15,2072.59,2253.16,2161.36
Maharashtra,Nashik,Nashik,Onion,Demo,FAQ,2025-01-15,1873.31,2194.14,2044.17
Maharashtra,Pune,Pune,Onion,Demo,FAQ,2025-01-15,2091.54,2426.33,2268.46
Maharashtra,Nagpur,Nagpur,Onion,Demo,FAQ,2025-01-15,2027.4,2259.56,2152.34
Maharashtra,Nashik,Nashik,Potato,Demo,FAQ,2025-01-15,1579.58,1875.41,1749.84
Maharashtra,Pune,Pune,Potato,Demo,FAQ,2025-01-15,1695.96,1944.48,1806.56
Maharashtra,Nagpur,Nagpur,Potato,Demo,FAQ,2025-01-15,1526.88,1848.39,1692.54
Maharashtra,Nashik,Nashik,Soyabean,Demo,FAQ,2025-01-15,4477.09,4743.03,4600.3
Maharashtra,Pune,Pune,Soyabean,Demo,FAQ,2025-01-15,4861.07,5094.5,5006.05
Maharashtra,Nagpur,Nagpur,Soyabean,Demo,FAQ,2025-01-15,4501.19,4714.75,4585.35
Maharashtra,Nashik,Nashik,Wheat,Demo,FAQ,2025-01-15,2669.6,2854.39,2764.05
Maharashtra,Pune,Pune,Wheat,Demo,FAQ,2025-01-15,2574.13,2843.7,2671.19
Maharashtra,Nagpur,Nagpur,Wheat,Demo,FAQ,2025-01-15,2402.37,2656.15,2517.06
Maharashtra,Nashik,Nashik,Tomato,Demo,FAQ,2025-01-22,2289.91,2593.99,2465.76
Maharashtra,Pune,Pune,Tomato,Demo,FAQ,2025-01-22,2591.78,2808.72,2680.05
Maharashtra,Nagpur,Nagpur,Tomato,Demo,FAQ,2025-01-22,2568.31,2879.27,2742.09
Maharashtra,Nashik,Nashik,Onion,Demo,FAQ,2025-01-22,1829.89,2049.74,1936.59
Maharashtra,Pune,Pune,Onion,Demo,FAQ,2025-01-22,2168.7,2374.75,2292.59
Maharashtra,Nagpur,Nagpur,Onion,Demo,FAQ,2025-01-22,2050.73,2314.37,2220.35
Maharashtra,Nashik,Nashik,Potato,Demo,FAQ,2025-01-22,1677.3,1915.38,1768.15
Maharashtra,Pune,Pune,Potato,Demo,FAQ,2025-01-22,1883.28,2192.84,2035.98
Maharashtra,Nagpur,Nagpur,Potato,Demo,FAQ,2025-01-22,1738.76,2013.38,1910.36
Maharashtra,Nashik,Nashik,Soyabean,Demo,FAQ,2025-01-22,4441.13,4693.71,4576.62
Maharashtra,Pune,Pune,Soyabean,Demo,FAQ,2025-01-22,4583.04,4855.58,4743.86
Maharashtra,Nagpur,Nagpur,Soyabean,Demo,FAQ,2025-01-22,4595.13,4835.73,4704.22
Maharashtra,Nashik,Nashik,Wheat,Demo,FAQ,2025-01-22,2513.94,2784.0,2687.54
Maharashtra,Pune,Pune,Wheat,Demo,FAQ,2025-01-22,2664.32,2967.07,2787.83
Maharashtra,Nagpur,Nagpur,Wheat,Demo,FAQ,2025-01-22,2458.28,2782.22,2613.14
Maharashtra,Nashik,Nashik,Tomato,Demo,FAQ,2025-01-29,2373.56,2617.04,2505.45
Maharashtra,Pune,Pune,Tomato,Demo,FAQ,2025-01-29,2549.84,2813.38,2696.01
Maharashtra,Nagpur,Nagpur,Tomato,Demo,FAQ,2025-01-29,2316.46,2577.38,2471.13
Maharashtra,Nashik,Nashik,Onion,Demo,FAQ,2025-01-29,1968.65,2165.02,2072.75
Maharashtra,Pune,Pune,Onion,Demo,FAQ,2025-01-29,2481.19,2674.45,2576.52
Maharashtra,Nagpur,Nagpur,Onion,Demo,FAQ,2025-01-29,2127.6,2394.7,2295.06
Maharashtra,Nashik,Nashik,Potato,Demo,FAQ,2025-01-29,1654.58,1989.5,1812.32
Maharashtra,Pune,Pune,Potato,Demo,FAQ,2025-01-29,1974.68,2150.46,2069.07
Maharashtra,Nagpur,Nagpur,Potato,Demo,FAQ,2025-01-29,1895.4,2136.35,1988.58
Maharashtra,Nashik,Nashik,Soyabean,Demo,FAQ,2025-01-29,4343.03,4623.09,4473.66
Maharashtra,Pune,Pune,Soyabean,Demo,FAQ,2025-01-29,4623.45,4883.84,4723.43
Maharashtra,Nagpur,Nagpur,Soyabean,Demo,FAQ,2025-01-29,4575.69,4822.7,4729.59
Maharashtra,Nashik,Nashik,Wheat,Demo,FAQ,2025-01-29,2551.49,2790.44,2661.58
Maharashtra,Pune,Pune,Wheat,Demo,FAQ,2025-01-29,2758.69,3042.9,2934.26
Maharashtra,Nagpur,Nagpur,Wheat,Demo,FAQ,2025-01-29,2453.68,2671.69,2536.17
Maharashtra,Nashik,Nashik,Tomato,Demo,FAQ,2025-02-05,2475.8,2660.42,2566.39
Maharashtra,Pune,Pune,Tomato,Demo,FAQ,2025-02-05,2545.96,2862.19,2722.59
Maharashtra,Nagpur,Nagpur,Tomato,Demo,FAQ,2025-02-05,2182.37,2469.55,2342.81
Maharashtra,Nashik,Nashik,Onion,Demo,FAQ,2025-02-05,2092.53,2265.23,2174.32
Maharashtra,Pune,Pune,Onion,Demo,FAQ,2025-02-05,2148.03,2410.97,2307.71
Maharashtra,Nagpur,Nagpur,Onion,Demo,FAQ,2025-02-05,1985.08,2292.45,2125.68
Maharashtra,Nashik,Nashik,Potato,Demo,FAQ,2025-02-05,2089.27,2327.94,2210.53
Maharashtra,Pune,Pune,Potato,Demo,FAQ,2025-02-05,2084.87,2396.81,2230.06
Maharashtra,Nagpur,Nagpur,Potato,Demo,FAQ,2025-02-05,1564.37,1772.82,1669.15
Maharashtra,Nashik,Nashik,Soyabean,Demo,FAQ,2025-02-05,4451.93,4704.11,4613.59
Maharashtra,Pune,Pune,Soyabean,Demo,FAQ,2025-02-05,4615.17,4849.23,4754.61
Maharashtra,Nagpur,Nagpur,Soyabean,Demo,FAQ,2025-02-05,4741.61,4947.03,4852.64
Maharashtra,Nashik,Nashik,Wheat,Demo,FAQ,2025-02-05,2741.93,2946.95,2838.48
Maharashtra,Pune,Pune,Wheat,Demo,FAQ,2025-02-05,2787.59,2961.26,2879.14
Maharashtra,Nagpur,Nagpur,Wheat,Demo,FAQ,2025-02-05,2515.77,2698.57,2613.23
Maharashtra,Nashik,Nashik,Tomato,Demo,FAQ,2025-02-12,2477.12,2744.56,2625.2
Maharashtra,Pune,Pune,Tomato,Demo,FAQ,2025-02-12,2630.37,2928.32,2760.82
Maharashtra,Nagpur,Nagpur,Tomato,Demo,FAQ,2025-02-12,2297.68,2480.17,2382.02
Maharashtra,Nashik,Nashik,Onion,Demo,FAQ,2025-02-12,2501.36,2743.42,2606.3
Maharashtra,Pune,Pune,Onion,Demo,FAQ,2025-02-12,2379.99,2582.27,2464.91
Maharashtra,Nagpur,Nagpur,Onion,Demo,FAQ,2025-02-12,2109.78,2363.3,2199.95
Maharashtra,Nashik,Nashik,Potato,Demo,FAQ,2025-02-12,1827.66,2090.05,2000.14
Maharashtra,Pune,Pune,Potato,Demo,FAQ,2025-02-12,2059.64,2407.86,2229.9
Maharashtra,Nagpur,Nagpur,Potato,Demo,FAQ,2025-02-12,1654.08,1956.28,1812.03
Maharashtra,Nashik,Nashik,Soyabean,Demo,FAQ,2025-02-12,4640.1,4867.16,4733.55
Maharashtra,Pune,Pune,Soyabean,Demo,FAQ,2025-02-12,4771.16,5063.2,4936.92
Maharashtra,Nagpur,Nagpur,Soyabean,Demo,FAQ,2025-02-12,4496.23,4746.84,4640.19
Maharashtra,Nashik,Nashik,Wheat,Demo,FAQ,2025-02-12,2596.19,2845.67,2723.98
Maharashtra,Pune,Pune,Wheat,Demo,FAQ,2025-02-12,3009.14,3242.53,3125.89
Maharashtra,Nagpur,Nagpur,Wheat,Demo,FAQ,2025-02-12,2511.24,2777.76,2629.19
Maharashtra,Nashik,Nashik,Tomato,Demo,FAQ,2025-02-19,2374.56,2721.08,2549.44
Maharashtra,Pune,Pune,Tomato,Demo,FAQ,2025-02-19,2834.62,3081.0,2947.45
Maharashtra,Nagpur,Nagpur,Tomato,Demo,FAQ,2025-02-19,2553.59,2859.29,2698.85
Maharashtra,Nashik,Nashik,Onion,Demo,FAQ,2025-02-19,2110.7,2362.8,2253.99
Maharashtra,Pune,Pune,Onion,Demo,FAQ,2025-02-19,2458.09,2707.81,2558.33
Maharashtra,Nagpur,Nagpur,Onion,Demo,FAQ,2025-02-19,2025.26,2256.21,2166.7
Maharashtra,Nashik,Nashik,Potato,Demo,FAQ,2025-02-19,2119.6,2381.65,2208.05
Maharashtra,Pune,Pune,Potato,Demo,FAQ,2025-02-19,1955.65,2291.63,2131.54
Maharashtra,Nagpur,Nagpur,Potato,Demo,FAQ,2025-02-19,1912.66,2230.44,2070.92
Maharashtra,Nashik,Nashik,Soyabean,Demo,FAQ,2025-02-19,4562.59,4806.94,4667.93
Maharashtra,Pune,Pune,Soyabean,Demo,FAQ,2025-02-19,4717.42,4956.17,4859.04
Maharashtra,Nagpur,Nagpur,Soyabean,Demo,FAQ,2025-02-19,4690.97,4954.81,4828.21
Maharashtra,Nashik,Nashik,Wheat,Demo,FAQ,2025-02-19,2669.71,2986.02,2826.1
Maharashtra,Pune,Pune,Wheat,Demo,FAQ,2025-02-19,2993.56,3306.65,3133.52
Maharashtra,Nagpur,Nagpur,Wheat,Demo,FAQ,2025-02-19,2668.77,2849.26,2760.49
Maharashtra,Nashik,Nashik,Tomato,Demo,FAQ,2025-02-26,2530.13,2809.43,2652.0
Maharashtra,Pune,Pune,Tomato,Demo,FAQ,2025-02-26,2742.08,3025.28,2855.44
Maharashtra,Nagpur,Nagpur,Tomato,Demo,FAQ,2025-02-26,2428.87,2652.34,2535.92
Maharashtra,Nashik,Nashik,Onion,Demo,FAQ,2025-02-26,2194.33,2384.87,2290.09
Maharashtra,Pune,Pune,Onion,Demo,FAQ,2025-02-26,2453.98,2696.1,2577.77
Maharashtra,Nagpur,Nagpur,Onion,Demo,FAQ,2025-02-26,2250.27,2559.18,2385.57
Maharashtra,Nashik,Nashik,Potato,Demo,FAQ,2025-02-26,1904.13,2149.71,2032.07
Maharashtra,Pune,Pune,Potato,Demo,FAQ,2025-02-26,2165.49,2492.39,2317.27
Maharashtra,Nagpur,Nagpur,Potato,Demo,FAQ,2025-02-26,1809.23,2117.99,1974.29
Maharashtra,Nashik,Nashik,Soyabean,Demo,FAQ,2025-02-26,4428.54,4715.98,4567.37
Maharashtra,Pune,Pune,Soyabean,Demo,FAQ,2025-02-26,4845.31,5133.28,4970.74
Maharashtra,Nagpur,Nagpur,Soyabean,Demo,FAQ,2025-02-26,4431.74,4681.83,4557.59
Maharashtra,Nashik,Nashik,Wheat,Demo,FAQ,2025-02-26,2688.7,3018.68,2860.55
Maharashtra,Pune,Pune,Wheat,Demo,FAQ,2025-02-26,2608.56,2956.18,2788.26
Maharashtra,Nagpur,Nagpur,Wheat,Demo,FAQ,2025-02-26,2487.49,2741.82,2651.18
Maharashtra,Nashik,Nashik,Tomato,Demo,FAQ,2025-03-05,2550.54,2809.29,2639.58
Maharashtra,Pune,Pune,Tomato,Demo,FAQ,2025-03-05,2732.52,2930.91,2836.6
Maharashtra,Nagpur,Nagpur,Tomato,Demo,FAQ,2025-03-05,2446.79,2717.67,2546.61
Maharashtra,Nashik,Nashik,Onion,Demo,FAQ,2025-03-05,2301.92,2466.08,2385.54
Maharashtra,Pune,Pune,Onion,Demo,FAQ,2025-03-05,2431.95,2732.69,2572.54
Maharashtra,Nagpur,Nagpur,Onion,Demo,FAQ,2025-03-05,1880.19,2130.86,2045.13
Maharashtra,Nashik,Nashik,Potato,Demo,FAQ,2025-03-05,1940.15,2270.14,2112.93
Maharashtra,Pune,Pune,Potato,Demo,FAQ,2025-03-05,2139.9,2387.72,2303.7
Maharashtra,Nagpur,Nagpur,Potato,Demo,FAQ,2025-03-05,1738.17,1961.11,1830.66
Maharashtra,Nashik,Nashik,Soyabean,Demo,FAQ,2025-03-05,4842.42,5150.54,4985.43
Maharashtra,Pune,Pune,Soyabean,Demo,FAQ,2025-03-05,4748.21,5000.97,4901.67
Maharashtra,Nagpur,Nagpur,Soyabean,Demo,FAQ,2025-03-05,4529.04,4858.05,4680.03
Maharashtra,Nashik,Nashik,Wheat,Demo,FAQ,2025-03-05,2571.68,2798.76,2657.13
Maharashtra,Pune,Pune,Wheat,Demo,FAQ,2025-03-05,2861.54,3180.92,3029.96
Maharashtra,Nagpur,Nagpur,Wheat,Demo,FAQ,2025-03-05,2745.22,2932.74,2834.39
Maharashtra,Nashik,Nashik,Tomato,Demo,FAQ,2025-03-12,2380.74,2665.0,2506.59
Maharashtra,Pune,Pune,Tomato,Demo,FAQ,2025-03-12,2625.01,2856.77,2762.25
Maharashtra,Nagpur,Nagpur,Tomato,Demo,FAQ,2025-03-12,2583.31,2831.25,2693.44
Maharashtra,Nashik,Nashik,Onion,Demo,FAQ,2025-03-12,2318.11,2637.09,2463.03
Maharashtra,Pune,Pune,Onion,Demo,FAQ,2025-03-12,2400.13,2651.37,2530.97
Maharashtra,Nagpur,Nagpur,Onion,Demo,FAQ,2025-03-12,2377.16,2562.49,2469.09
Maharashtra,Nashik,Nashik,Potato,Demo,FAQ,2025-03-12,1943.72,2176.98,2054.19
Maharashtra,Pune,Pune,Potato,Demo,FAQ,2025-03-12,2081.47,2346.11,2224.93
Maharashtra,Nagpur,Nagpur,Potato,Demo,FAQ,2025-03-12,1733.2,1973.79,1834.96
Maharashtra,Nashik,Nashik,Soyabean,Demo,FAQ,2025-03-12,4617.27,4822.72,4700.88
Maharashtra,Pune,Pune,Soyabean,Demo,FAQ,2025-03-12,5114.87,5354.68,5217.43
Maharashtra,Nagpur,Nagpur,Soyabean,Demo,FAQ,2025-03-12,4626.49,4921.48,4776.69
Maharashtra,Nashik,Nashik,Wheat,Demo,FAQ,2025-03-12,2745.58,3015.95,2857.2
Maharashtra,Pune,Pune,Wheat,Demo,FAQ,2025-03-12,2989.48,3255.23,3112.63
Maharashtra,Nagpur,Nagpur,Wheat,Demo,FAQ,2025-03-12,2915.41,3200.36,3046.68
Maharashtra,Nashik,Nashik,Tomato,Demo,FAQ,2025-03-19,2482.4,2784.87,2654.51
Maharashtra,Pune,Pune,Tomato,Demo,FAQ,2025-03-19,2613.09,2884.52,2773.08
Maharashtra,Nagpur,Nagpur,Tomato,Demo,FAQ,2025-03-19,2311.93,2532.93,2441.34
Maharashtra,Nashik,Nashik,Onion,Demo,FAQ,2025-03-19,2259.2,2508.95,2423.4
Maharashtra,Pune,Pune,Onion,Demo,FAQ,2025-03-19,2345.76,2556.47,2459.18
Maharashtra,Nagpur,Nagpur,Onion,Demo,FAQ,2025-03-19,2201.52,2437.26,2355.79
Maharashtra,Nashik,Nashik,Potato,Demo,FAQ,2025-03-19,1638.97,1921.85,1804.63
Maharashtra,Pune,Pune,Potato,Demo,FAQ,2025-03-19,2160.86,2392.91,2300.95
Maharashtra,Nagpur,Nagpur,Potato,Demo,FAQ,2025-03-19,1411.94,1767.33,1587.78
Maharashtra,Nashik,Nashik,Soyabean,Demo,FAQ,2025-03-19,4784.62,5044.48,4895.71
Maharashtra,Pune,Pune,Soyabean,Demo,FAQ,2025-03-19,4687.43,4950.3,4806.21
Maharashtra,Nagpur,Nagpur,Soyabean,Demo,FAQ,2025-03-19,4632.29,4865.7,4733.19
Maharashtra,Nashik,Nashik,Wheat,Demo,FAQ,2025-03-19,2827.13,3087.35,2923.72
Maharashtra,Pune,Pune,Wheat,Demo,FAQ,2025-03-19,3053.4,3352.9,3189.0
Maharashtra,Nagpur,Nagpur,Wheat,Demo,FAQ,2025-03-19,2809.66,3028.64,2903.82
Maharashtra,Nashik,Nashik,Tomato,Demo,FAQ,2025-03-26,2507.45,2750.98,2595.45
Maharashtra,Pune,Pune,Tomato,Demo,FAQ,2025-03-26,2702.61,2924.61,2829.54
Maharashtra,Nagpur,Nagpur,Tomato,Demo,FAQ,2025-03-26,2264.91,2520.08,2435.62
Maharashtra,Nashik,Nashik,Onion,Demo,FAQ,2025-03-26,2051.46,2289.68,2160.66
Maharashtra,Pune,Pune,Onion,Demo,FAQ,2025-03-26,2506.96,2724.7,2636.29
Maharashtra,Nagpur,Nagpur,Onion,Demo,FAQ,2025-03-26,1881.82,2189.94,2046.18
Maharashtra,Nashik,Nashik,Potato,Demo,FAQ,2025-03-26,1880.03,2183.34,2027.05
Maharashtra,Pune,Pune,Potato,Demo,FAQ,2025-03-26,2106.3,2356.91,2222.96
Maharashtra,Nagpur,Nagpur,Potato,Demo,FAQ,2025-03-26,1863.63,2156.33,2028.07
Maharashtra,Nashik,Nashik,Soyabean,Demo,FAQ,2025-03-26,4718.92,5014.6,4884.12
Maharashtra,Pune,Pune,Soyabean,Demo,FAQ,2025-03-26,4822.99,5126.73,4961.7
Maharashtra,Nagpur,Nagpur,Soyabean,Demo,FAQ,2025-03-26,4469.34,4732.36,4599.22
Maharashtra,Nashik,Nashik,Wheat,Demo,FAQ,2025-03-26,2622.04,2913.63,2741.9
Maharashtra,Pune,Pune,Wheat,Demo,FAQ,2025-03-26,2906.94,3118.58,3004.69
Maharashtra,Nagpur,Nagpur,Wheat,Demo,FAQ,2025-03-26,2754.8,3010.03,2837.28
Maharashtra,Nashik,Nashik,Tomato,Demo,FAQ,2025-04-02,2605.04,2855.64,2715.79
Maharashtra,Pune,Pune,Tomato,Demo,FAQ,2025-04-02,2684.02,2942.12,2791.82
Maharashtra,Nagpur,Nagpur,Tomato,Demo,FAQ,2025-04-02,2394.58,2714.8,2572.76
Maharashtra,Nashik,Nashik,Onion,Demo,FAQ,2025-04-02,2343.59,2670.07,2499.73
Maharashtra,Pune,Pune,Onion,Demo,FAQ,2025-04-02,2034.47,2368.99,2210.79
Maharashtra,Nagpur,Nagpur,Onion,Demo,FAQ,2025-04-02,2029.91,2274.56,2121.32
Maharashtra,Nashik,Nashik,Potato,Demo,FAQ,2025-04-02,1773.48,2054.2,1908.79
Maharashtra,Pune,Pune,Potato,Demo,FAQ,2025-04-02,2214.86,2502.14,2393.31
Maharashtra,Nagpur,Nagpur,Potato,Demo,FAQ,2025-04-02,2013.54,2283.18,2168.54
Maharashtra,Nashik,Nashik,Soyabean,Demo,FAQ,2025-04-02,4567.67,4809.5,4651.77
Maharashtra,Pune,Pune,Soyabean,Demo,FAQ,2025-04-02,4758.95,5064.01,4937.51
Maharashtra,Nagpur,Nagpur,Soyabean,Demo,FAQ,2025-04-02,4415.83,4696.35,4536.98
Maharashtra,Nashik,Nashik,Wheat,Demo,FAQ,2025-04-02,2867.37,3163.12,3002.91
Maharashtra,Pune,Pune,Wheat,Demo,FAQ,2025-04-02,2902.66,3148.61,3064.91
Maharashtra,Nagpur,Nagpur,Wheat,Demo,FAQ,2025-04-02,2462.84,2638.64,2547.71
Maharashtra,Nashik,Nashik,Tomato,Demo,FAQ,2025-04-09,2524.69,2833.38,2676.01
Maharashtra,Pune,Pune,Tomato,Demo,FAQ,2025-04-09,2547.04,2861.07,2700.99
Maharashtra,Nagpur,Nagpur,Tomato,Demo,FAQ,2025-04-09,2473.32,2718.97,2576.78
Maharashtra,Nashik,Nashik,Onion,Demo,FAQ,2025-04-09,2214.45,2426.36,2294.9
Maharashtra,Pune,Pune,Onion,Demo,FAQ,2025-04-09,2340.46,2543.55,2423.42
Maharashtra,Nagpur,Nagpur,Onion,Demo,FAQ,2025-04-09,2051.22,2302.15,2198.38
Maharashtra,Nashik,Nashik,Potato,Demo,FAQ,2025-04-09,1643.44,1923.58,1758.24
Maharashtra,Pune,Pune,Potato,Demo,FAQ,2025-04-09,2010.11,2268.84,2149.15
Maharashtra,Nagpur,Nagpur,Potato,Demo,FAQ,2025-04-09,1744.78,2012.19,1913.43
Maharashtra,Nashik,Nashik,Soyabean,Demo,FAQ,2025-04-09,4803.13,5069.09,4917.33
Maharashtra,Pune,Pune,Soyabean,Demo,FAQ,2025-04-09,4901.81,5191.32,5081.68
Maharashtra,Nagpur,Nagpur,Soyabean,Demo,FAQ,2025-04-09,4613.62,4844.79,4707.3
Maharashtra,Nashik,Nashik,Wheat,Demo,FAQ,2025-04-09,2520.86,2811.63,2640.1
Maharashtra,Pune,Pune,Wheat,Demo,FAQ,2025-04-09,3126.08,3336.06,3219.52
Maharashtra,Nagpur,Nagpur,Wheat,Demo,FAQ,2025-04-09,2515.13,2697.1,2615.33
Maharashtra,Nashik,Nashik,Tomato,Demo,FAQ,2025-04-16,2394.24,2652.03,2537.7
Maharashtra,Pune,Pune,Tomato,Demo,FAQ,2025-04-16,2577.21,2908.33,2753.13
Maharashtra,Nagpur,Nagpur,Tomato,Demo,FAQ,2025-04-16,2325.24,2603.39,2433.69
Maharashtra,Nashik,Nashik,Onion,Demo,FAQ,2025-04-16,2024.77,2308.21,2137.31
Maharashtra,Pune,Pune,Onion,Demo,FAQ,2025-04-16,2275.03,2568.33,2429.26
Maharashtra,Nagpur,Nagpur,Onion,Demo,FAQ,2025-04-16,2164.73,2378.81,2274.67
Maharashtra,Nashik,Nashik,Potato,Demo,FAQ,2025-04-16,2046.74,2309.71,2142.28
Maharashtra,Pune,Pune,Potato,Demo,FAQ,2025-04-16,2102.05,2397.39,2238.2
Maharashtra,Nagpur,Nagpur,Potato,Demo,FAQ,2025-04-16,1798.11,2049.58,1921.95
Maharashtra,Nashik,Nashik,Soyabean,Demo,FAQ,2025-04-16,4844.73,5153.66,4992.19
Maharashtra,Pune,Pune,Soyabean,Demo,FAQ,2025-04-16,4773.12,5030.4,4931.88
Maharashtra,Nagpur,Nagpur,Soyabean,Demo,FAQ,2025-04-16,4746.69,4982.17,4836.88
Maharashtra,Nashik,Nashik,Wheat,Demo,FAQ,2025-04-16,2659.74,2914.31,2791.01
Maharashtra,Pune,Pune,Wheat,Demo,FAQ,2025-04-16,2930.25,3196.53,3106.23
Maharashtra,Nagpur,Nagpur,Wheat,Demo,FAQ,2025-04-16,2543.49,2734.65,2648.09
Maharashtra,Nashik,Nashik,Tomato,Demo,FAQ,2025-04-23,2391.25,2634.12,2522.86
Maharashtra,Pune,Pune,Tomato,Demo,FAQ,2025-04-23,2662.11,2871.72,2753.27
Maharashtra,Nagpur,Nagpur,Tomato,Demo,FAQ,2025-04-23,2508.76,2759.28,2658.58
Maharashtra,Nashik,Nashik,Onion,Demo,FAQ,2025-04-23,2280.29,2521.37,2399.71
Maharashtra,Pune,Pune,Onion,Demo,FAQ,2025-04-23,2389.84,2647.32,2481.04
Maharashtra,Nagpur,Nagpur,Onion,Demo,FAQ,2025-04-23,2100.41,2360.18,2231.23
Maharashtra,Nashik,Nashik,Potato,Demo,FAQ,2025-04-23,1721.93,2003.12,1845.06
Maharashtra,Pune,Pune,Potato,Demo,FAQ,2025-04-23,1953.97,2172.26,2060.01
Maharashtra,Nagpur,Nagpur,Potato,Demo,FAQ,2025-04-23,1531.01,1807.32,1658.99
Maharashtra,Nashik,Nashik,Soyabean,Demo,FAQ,2025-04-23,4894.95,5181.06,5008.02
Maharashtra,Pune,Pune,Soyabean,Demo,FAQ,2025-04-23,4719.78,4997.02,4845.86
Maharashtra,Nagpur,Nagpur,Soyabean,Demo,FAQ,2025-04-23,4654.94,4833.49,4739.67
Maharashtra,Nashik,Nashik,Wheat,Demo,FAQ,2025-04-23,2785.13,2964.89,2866.06
Maharashtra,Pune,Pune,Wheat,Demo,FAQ,2025-04-23,2988.46,3221.54,3079.52
Maharashtra,Nagpur,Nagpur,Wheat,Demo,FAQ,2025-04-23,2715.97,2991.91,2852.89
Maharashtra,Nashik,Nashik,Tomato,Demo,FAQ,2025-04-30,2316.35,2562.16,2396.82
Maharashtra,Pune,Pune,Tomato,Demo,FAQ,2025-04-30,2889.44,3143.01,2985.71
Maharashtra,Nagpur,Nagpur,Tomato,Demo,FAQ,2025-04-30,2307.4,2584.71,2412.83
Maharashtra,Nashik,Nashik,Onion,Demo,FAQ,2025-04-30,2057.85,2376.66,2198.19
Maharashtra,Pune,Pune,Onion,Demo,FAQ,2025-04-30,2445.01,2718.17,2606.33
Maharashtra,Nagpur,Nagpur,Onion,Demo,FAQ,2025-04-30,2156.68,2398.39,2296.76
Maharashtra,Nashik,Nashik,Potato,Demo,FAQ,2025-04-30,1984.48,2184.06,2096.25
Maharashtra,Pune,Pune,Potato,Demo,FAQ,2025-04-30,2096.25,2292.8,2210.9
Maharashtra,Nagpur,Nagpur,Potato,Demo,FAQ,2025-04-30,1700.74,2004.07,1853.26
Maharashtra,Nashik,Nashik,Soyabean,Demo,FAQ,2025-04-30,4915.77,5196.48,5027.48
Maharashtra,Pune,Pune,Soyabean,Demo,FAQ,2025-04-30,5039.48,5226.45,5132.08
Maharashtra,Nagpur,Nagpur,Soyabean,Demo,FAQ,2025-04-30,4491.49,4719.52,4588.79
Maharashtra,Nashik,Nashik,Wheat,Demo,FAQ,2025-04-30,2583.28,2745.34,2663.68
Maharashtra,Pune,Pune,Wheat,Demo,FAQ,2025-04-30,3047.25,3278.4,3185.71
Maharashtra,Nagpur,Nagpur,Wheat,Demo,FAQ,2025-04-30,2581.82,2883.48,2749.86
Maharashtra,Nashik,Nashik,Tomato,Demo,FAQ,2025-05-07,2366.92,2559.3,2474.24
Maharashtra,Pune,Pune,Tomato,Demo,FAQ,2025-05-07,2494.62,2750.46,2604.1
Maharashtra,Nagpur,Nagpur,Tomato,Demo,FAQ,2025-05-07,2207.91,2429.3,2289.73
Maharashtra,Nashik,Nashik,Onion,Demo,FAQ,2025-05-07,2263.85,2536.61,2431.24
Maharashtra,Pune,Pune,Onion,Demo,FAQ,2025-05-07,2217.37,2472.35,2352.73
Maharashtra,Nagpur,Nagpur,Onion,Demo,FAQ,2025-05-07,2097.07,2386.34,2249.65
Maharashtra,Nashik,Nashik,Potato,Demo,FAQ,2025-05-07,1809.93,2110.19,1988.27
Maharashtra,Pune,Pune,Potato,Demo,FAQ,2025-05-07,2098.96,2339.81,2180.2
Maharashtra,Nagpur,Nagpur,Potato,Demo,FAQ,2025-05-07,1813.68,2023.89,1934.48
Maharashtra,Nashik,Nashik,Soyabean,Demo,FAQ,2025-05-07,4722.01,4989.77,4841.51
Maharashtra,Pune,Pune,Soyabean,Demo,FAQ,2025-05-07,4810.76,5084.76,4986.92
Maharashtra,Nagpur,Nagpur,Soyabean,Demo,FAQ,2025-05-07,4710.77,5047.93,4876.67
Maharashtra,Nashik,Nashik,Wheat,Demo,FAQ,2025-05-07,2537.7,2818.03,2664.68
Maharashtra,Pune,Pune,Wheat,Demo,FAQ,2025-05-07,2839.72,3089.33,2957.63
Maharashtra,Nagpur,Nagpur,Wheat,Demo,FAQ,2025-05-07,2696.72,3008.13,2849.84
Maharashtra,Nashik,Nashik,Tomato,Demo,FAQ,2025-05-14,2682.22,2943.08,2772.68
Maharashtra,Pune,Pune,Tomato,Demo,FAQ,2025-05-14,2485.15,2734.94,2644.96
Maharashtra,Nagpur,Nagpur,Tomato,Demo,FAQ,2025-05-14,2502.24,2738.92,2656.6
Maharashtra,Nashik,Nashik,Onion,Demo,FAQ,2025-05-14,2396.2,2665.84,2513.91
Maharashtra,Pune,Pune,Onion,Demo,FAQ,2025-05-14,2304.65,2536.02,2424.11
Maharashtra,Nagpur,Nagpur,Onion,Demo,FAQ,2025-05-14,2428.67,2687.68,2566.77
Maharashtra,Nashik,Nashik,Potato,Demo,FAQ,2025-05-14,1928.05,2228.35,2101.59
Maharashtra,Pune,Pune,Potato,Demo,FAQ,2025-05-14,2126.62,2363.75,2244.34
Maharashtra,Nagpur,Nagpur,Potato,Demo,FAQ,2025-05-14,1790.7,2035.44,1886.98
Maharashtra,Nashik,Nashik,Soyabean,Demo,FAQ,2025-05-14,4377.38,4657.23,4552.87
Maharashtra,Pune,Pune,Soyabean,Demo,FAQ,2025-05-14,4606.88,4930.33,4762.23
Maharashtra,Nagpur,Nagpur,Soyabean,Demo,FAQ,2025-05-14,4501.88,4700.66,4602.08
Maharashtra,Nashik,Nashik,Wheat,Demo,FAQ,2025-05-14,2609.63,2842.42,2736.47
Maharashtra,Pune,Pune,Wheat,Demo,FAQ,2025-05-14,2840.62,3144.7,2968.77
Maharashtra,Nagpur,Nagpur,Wheat,Demo,FAQ,2025-05-14,2563.32,2783.93,2692.87
Maharashtra,Nashik,Nashik,Tomato,Demo,FAQ,2025-05-21,2452.83,2718.79,2562.31
Maharashtra,Pune,Pune,Tomato,Demo,FAQ,2025-05-21,2540.27,2888.89,2710.43
Maharashtra,Nagpur,Nagpur,Tomato,Demo,FAQ,2025-05-21,2155.16,2417.64,2330.46
Maharashtra,Nashik,Nashik,Onion,Demo,FAQ,2025-05-21,2188.01,2433.75,2298.46
Maharashtra,Pune,Pune,Onion,Demo,FAQ,2025-05-21,1949.01,2255.26,2113.59
Maharashtra,Nagpur,Nagpur,Onion,Demo,FAQ,2025-05-21,2000.33,2202.19,2096.86
Maharashtra,Nashik,Nashik,Potato,Demo,FAQ,2025-05-21,1761.19,2064.8,1926.38
Maharashtra,Pune,Pune,Potato,Demo,FAQ,2025-05-21,1900.71,2127.44,2010.31
Maharashtra,Nagpur,Nagpur,Potato,Demo,FAQ,2025-05-21,1754.55,2067.79,1910.55
Maharashtra,Nashik,Nashik,Soyabean,Demo,FAQ,2025-05-21,4780.23,5046.45,4954.38
Maharashtra,Pune,Pune,Soyabean,Demo,FAQ,2025-05-21,4796.7,4993.19,4886.74
Maharashtra,Nagpur,Nagpur,Soyabean,Demo,FAQ,2025-05-21,4436.69,4656.0,4534.64
Maharashtra,Nashik,Nashik,Wheat,Demo,FAQ,2025-05-21,2725.93,2981.48,2830.46
Maharashtra,Pune,Pune,Wheat,Demo,FAQ,2025-05-21,2885.23,3166.62,3052.69
Maharashtra,Nagpur,Nagpur,Wheat,Demo,FAQ,2025-05-21,2622.48,2831.8,2727.32
Maharashtra,Nashik,Nashik,Tomato,Demo,FAQ,2025-05-28,2327.75,2670.55,2501.75
Maharashtra,Pune,Pune,Tomato,Demo,FAQ,2025-05-28,2489.56,2750.38,2621.32
Maharashtra,Nagpur,Nagpur,Tomato,Demo,FAQ,2025-05-28,2285.87,2542.99,2419.53
Maharashtra,Nashik,Nashik,Onion,Demo,FAQ,2025-05-28,2156.42,2424.21,2248.98
Maharashtra,Pune,Pune,Onion,Demo,FAQ,2025-05-28,2354.41,2626.09,2529.73
Maharashtra,Nagpur,Nagpur,Onion,Demo,FAQ,2025-05-28,2109.87,2315.96,2210.64
Maharashtra,Nashik,Nashik,Potato,Demo,FAQ,2025-05-28,1960.84,2224.42,2052.73
Maharashtra,Pune,Pune,Potato,Demo,FAQ,2025-05-28,2055.45,2322.77,2196.26
Maharashtra,Nagpur,Nagpur,Potato,Demo,FAQ,2025-05-28,1741.43,1973.34,1874.62
Maharashtra,Nashik,Nashik,Soyabean,Demo,FAQ,2025-05-28,4226.4,4542.39,4388.23
Maharashtra,Pune,Pune,Soyabean,Demo,FAQ,2025-05-28,4587.79,4855.15,4683.08
Maharashtra,Nagpur,Nagpur,Soyabean,Demo,FAQ,2025-05-28,4415.4,4614.65,4500.41
Maharashtra,Nashik,Nashik,Wheat,Demo,FAQ,2025-05-28,2539.54,2836.9,2681.81
Maharashtra,Pune,Pune,Wheat,Demo,FAQ,2025-05-28,2837.67,3111.24,2938.86
Maharashtra,Nagpur,Nagpur,Wheat,Demo,FAQ,2025-05-28,2375.71,2599.85,2519.62
Maharashtra,Nashik,Nashik,Tomato,Demo,FAQ,2025-06-04,2242.12,2436.41,2350.21
Maharashtra,Pune,Pune,Tomato,Demo,FAQ,2025-06-04,2682.0,2870.13,2774.9
Maharashtra,Nagpur,Nagpur,Tomato,Demo,FAQ,2025-06-04,2281.94,2573.42,2401.23
Maharashtra,Nashik,Nashik,Onion,Demo,FAQ,2025-06-04,1941.39,2220.12,2094.01
Maharashtra,Pune,Pune,Onion,Demo,FAQ,2025-06-04,2174.53,2441.77,2314.5
Maharashtra,Nagpur,Nagpur,Onion,Demo,FAQ,2025-06-04,2055.31,2267.3,2169.58
Maharashtra,Nashik,Nashik,Potato,Demo,FAQ,2025-06-04,1837.65,2086.27,2002.25
Maharashtra,Pune,Pune,Potato,Demo,FAQ,2025-06-04,1726.22,2050.43,1895.46
Maharashtra,Nagpur,Nagpur,Potato,Demo,FAQ,2025-06-04,1753.35,2032.49,1886.49
Maharashtra,Nashik,Nashik,Soyabean,Demo,FAQ,2025-06-04,4643.69,4935.08,4818.44
Maharashtra,Pune,Pune,Soyabean,Demo,FAQ,2025-06-04,4901.44,5157.94,5021.75
Maharashtra,Nagpur,Nagpur,Soyabean,Demo,FAQ,2025-06-04,4575.1,4876.7,4706.0
Maharashtra,Nashik,Nashik,Wheat,Demo,FAQ,2025-06-04,2668.12,2927.06,2812.83
Maharashtra,Pune,Pune,Wheat,Demo,FAQ,2025-06-04,2690.23,2906.82,2814.24
Maharashtra,Nagpur,Nagpur,Wheat,Demo,FAQ,2025-06-04,2508.05,2800.35,2654.8
Maharashtra,Nashik,Nashik,Tomato,Demo,FAQ,2025-06-11,2495.18,2689.81,2577.15
Maharashtra,Pune,Pune,Tomato,Demo,FAQ,2025-06-11,2651.66,2975.54,2809.48
Maharashtra,Nagpur,Nagpur,Tomato,Demo,FAQ,2025-06-11,2114.21,2353.93,2261.0
Maharashtra,Nashik,Nashik,Onion,Demo,FAQ,2025-06-11,2059.68,2261.89,2153.54
Maharashtra,Pune,Pune,Onion,Demo,FAQ,2025-06-11,2206.16,2477.44,2377.19
Maharashtra,Nagpur,Nagpur,Onion,Demo,FAQ,2025-06-11,2010.2,2335.63,2160.34
Maharashtra,Nashik,Nashik,Potato,Demo,FAQ,2025-06-11,1519.27,1767.33,1624.78
Maharashtra,Pune,Pune,Potato,Demo,FAQ,2025-06-11,1984.25,2281.83,2161.87
Maharashtra,Nagpur,Nagpur,Potato,Demo,FAQ,2025-06-11,1644.04,1846.37,1726.36
Maharashtra,Nashik,Nashik,Soyabean,Demo,FAQ,2025-06-11,4545.21,4810.63,4686.24
Maharashtra,Pune,Pune,Soyabean,Demo,FAQ,2025-06-11,4767.69,5045.31,4933.08
Maharashtra,Nagpur,Nagpur,Soyabean,Demo,FAQ,2025-06-11,4574.29,4846.49,4703.27
Maharashtra,Nashik,Nashik,Wheat,Demo,FAQ,2025-06-11,2490.5,2766.19,2594.92
Maharashtra,Pune,Pune,Wheat,Demo,FAQ,2025-06-11,2737.18,3079.33,2901.51
Maharashtra,Nagpur,Nagpur,Wheat,Demo,FAQ,2025-06-11,2280.93,2593.65,2437.39
Maharashtra,Nashik,Nashik,Tomato,Demo,FAQ,2025-06-18,2625.35,2855.01,2750.99
Maharashtra,Pune,Pune,Tomato,Demo,FAQ,2025-06-18,2516.63,2731.34,2625.56
Maharashtra,Nagpur,Nagpur,Tomato,Demo,FAQ,2025-06-18,2289.95,2512.83,2410.94
Maharashtra,Nashik,Nashik,Onion,Demo,FAQ,2025-06-18,1936.74,2199.57,2102.8
Maharashtra,Pune,Pune,Onion,Demo,FAQ,2025-06-18,2186.73,2460.1,2300.35
Maharashtra,Nagpur,Nagpur,Onion,Demo,FAQ,2025-06-18,2137.16,2388.43,2230.99
Maharashtra,Nashik,Nashik,Potato,Demo,FAQ,2025-06-18,1604.82,1903.68,1723.82
Maharashtra,Pune,Pune,Potato,Demo,FAQ,2025-06-18,1802.63,2020.31,1898.03
Maharashtra,Nagpur,Nagpur,Potato,Demo,FAQ,2025-06-18,1921.39,2272.76,2094.68
Maharashtra,Nashik,Nashik,Soyabean,Demo,FAQ,2025-06-18,4593.03,4845.9,4686.83
Maharashtra,Pune,Pune,Soyabean,Demo,FAQ,2025-06-18,4646.52,4961.35,4815.01
Maharashtra,Nagpur,Nagpur,Soyabean,Demo,FAQ,2025-06-18,4226.55,4487.44,4389.8
Maharashtra,Nashik,Nashik,Wheat,Demo,FAQ,2025-06-18,2489.15,2754.45,2624.37
Maharashtra,Pune,Pune,Wheat,Demo,FAQ,2025-06-18,2757.7,3082.17,2902.97
Maharashtra,Nagpur,Nagpur,Wheat,Demo,FAQ,2025-06-18,2615.21,2857.52,2704.73
Maharashtra,Nashik,Nashik,Tomato,Demo,FAQ,2025-06-25,2432.92,2670.88,2544.75
Maharashtra,Pune,Pune,Tomato,Demo,FAQ,2025-06-25,2566.46,2798.83,2651.61
Maharashtra,Nagpur,Nagpur,Tomato,Demo,FAQ,2025-06-25,2037.49,2359.45,2196.23
Maharashtra,Nashik,Nashik,Onion,Demo,FAQ,2025-06-25,1910.9,2144.72,2032.56
Maharashtra,Pune,Pune,Onion,Demo,FAQ,2025-06-25,2296.26,2585.53,2456.4
Maharashtra,Nagpur,Nagpur,Onion,Demo,FAQ,2025-06-25,1904.67,2166.97,1999.06
Maharashtra,Nashik,Nashik,Potato,Demo,FAQ,2025-06-25,1868.6,2097.34,1963.96
Maharashtra,Pune,Pune,Potato,Demo,FAQ,2025-06-25,1774.0,1939.33,1859.28
Maharashtra,Nagpur,Nagpur,Potato,Demo,FAQ,2025-06-25,1480.47,1721.42,1637.94
Maharashtra,Nashik,Nashik,Soyabean,Demo,FAQ,2025-06-25,4433.18,4692.3,4595.5
Maharashtra,Pune,Pune,Soyabean,Demo,FAQ,2025-06-25,4582.57,4910.96,4748.65
Maharashtra,Nagpur,Nagpur,Soyabean,Demo,FAQ,2025-06-25,4334.43,4585.62,4496.35
Maharashtra,Nashik,Nashik,Wheat,Demo,FAQ,2025-06-25,2454.34,2713.87,2608.12
Maharashtra,Pune,Pune,Wheat,Demo,FAQ,2025-06-25,2651.96,2937.41,2782.38
Maharashtra,Nagpur,Nagpur,Wheat,Demo,FAQ,2025-06-25,2617.38,2836.09,2734.17
Maharashtra,Nashik,Nashik,Tomato,Demo,FAQ,2025-07-02,2177.52,2424.56,2332.67
Maharashtra,Pune,Pune,Tomato,Demo,FAQ,2025-07-02,2506.99,2702.15,2604.62
Maharashtra,Nagpur,Nagpur,Tomato,Demo,FAQ,2025-07-02,2301.62,2600.51,2421.47
Maharashtra,Nashik,Nashik,Onion,Demo,FAQ,2025-07-02,1985.21,2255.44,2130.57
Maharashtra,Pune,Pune,Onion,Demo,FAQ,2025-07-02,2093.61,2438.68,2261.12
Maharashtra,Nagpur,Nagpur,Onion,Demo,FAQ,2025-07-02,1604.51,1805.82,1703.74
Maharashtra,Nashik,Nashik,Potato,Demo,FAQ,2025-07-02,1645.35,1907.73,1754.26
Maharashtra,Pune,Pune,Potato,Demo,FAQ,2025-07-02,1694.54,1992.48,1829.63
Maharashtra,Nagpur,Nagpur,Potato,Demo,FAQ,2025-07-02,1831.4,1999.0,1914.06
Maharashtra,Nashik,Nashik,Soyabean,Demo,FAQ,2025-07-02,4331.32,4565.96,4459.94
Maharashtra,Pune,Pune,Soyabean,Demo,FAQ,2025-07-02,4472.31,4790.77,4628.11
Maharashtra,Nagpur,Nagpur,Soyabean,Demo,FAQ,2025-07-02,4287.87,4513.48,4406.41
Maharashtra,Nashik,Nashik,Wheat,Demo,FAQ,2025-07-02,2536.47,2784.35,2647.94
Maharashtra,Pune,Pune,Wheat,Demo,FAQ,2025-07-02,2565.21,2731.93,2651.82
Maharashtra,Nagpur,Nagpur,Wheat,Demo,FAQ,2025-07-02,2163.23,2477.31,2332.68
Maharashtra,Nashik,Nashik,Tomato,Demo,FAQ,2025-07-09,2272.34,2568.36,2441.37
Maharashtra,Pune,Pune,Tomato,Demo,FAQ,2025-07-09,2465.16,2724.66,2638.71
Maharashtra,Nagpur,Nagpur,Tomato,Demo,FAQ,2025-07-09,2361.29,2599.42,2499.87
Maharashtra,Nashik,Nashik,Onion,Demo,FAQ,2025-07-09,1855.22,2046.54,1956.63
Maharashtra,Pune,Pune,Onion,Demo,FAQ,2025-07-09,1936.83,2156.72,2059.11
Maharashtra,Nagpur,Nagpur,Onion,Demo,FAQ,2025-07-09,1789.5,2067.57,1955.53
Maharashtra,Nashik,Nashik,Potato,Demo,FAQ,2025-07-09,1596.81,1798.07,1682.33
Maharashtra,Pune,Pune,Potato,Demo,FAQ,2025-07-09,1812.47,2054.05,1953.51
Maharashtra,Nagpur,Nagpur,Potato,Demo,FAQ,2025-07-09,1472.53,1735.48,1645.5
Maharashtra,Nashik,Nashik,Soyabean,Demo,FAQ,2025-07-09,4310.92,4544.41,4402.45
Maharashtra,Pune,Pune,Soyabean,Demo,FAQ,2025-07-09,4409.13,4729.8,4574.37
Maharashtra,Nagpur,Nagpur,Soyabean,Demo,FAQ,2025-07-09,4490.07,4802.35,4622.68
Maharashtra,Nashik,Nashik,Wheat,Demo,FAQ,2025-07-09,2339.58,2572.1,2459.71
Maharashtra,Pune,Pune,Wheat,Demo,FAQ,2025-07-09,2510.93,2809.23,2648.62
Maharashtra,Nagpur,Nagpur,Wheat,Demo,FAQ,2025-07-09,2224.0,2531.73,2401.87
Maharashtra,Nashik,Nashik,Tomato,Demo,FAQ,2025-07-16,2228.87,2487.1,2348.63
Maharashtra,Pune,Pune,Tomato,Demo,FAQ,2025-07-16,2379.33,2590.76,2491.43
Maharashtra,Nagpur,Nagpur,Tomato,Demo,FAQ,2025-07-16,2257.86,2563.4,2424.47
Maharashtra,Nashik,Nashik,Onion,Demo,FAQ,2025-07-16,2119.41,2363.43,2240.27
Maharashtra,Pune,Pune,Onion,Demo,FAQ,2025-07-16,2023.73,2369.68,2196.4
Maharashtra,Nagpur,Nagpur,Onion,Demo,FAQ,2025-07-16,1804.73,2042.76,1917.66
Maharashtra,Nashik,Nashik,Potato,Demo,FAQ,2025-07-16,1794.08,2066.13,1920.26
Maharashtra,Pune,Pune,Potato,Demo,FAQ,2025-07-16,1689.13,1915.77,1801.2
Maharashtra,Nagpur,Nagpur,Potato,Demo,FAQ,2025-07-16,1544.16,1730.23,1633.62
Maharashtra,Nashik,Nashik,Soyabean,Demo,FAQ,2025-07-16,4539.26,4759.62,4658.16
Maharashtra,Pune,Pune,Soyabean,Demo,FAQ,2025-07-16,4479.03,4740.33,4634.59
Maharashtra,Nagpur,Nagpur,Soyabean,Demo,FAQ,2025-07-16,4165.17,4477.66,4337.92
Maharashtra,Nashik,Nashik,Wheat,Demo,FAQ,2025-07-16,2524.21,2784.02,2609.47
Maharashtra,Pune,Pune,Wheat,Demo,FAQ,2025-07-16,2470.86,2781.15,2643.25
Maharashtra,Nagpur,Nagpur,Wheat,Demo,FAQ,2025-07-16,2357.19,2589.09,2441.05
Maharashtra,Nashik,Nashik,Tomato,Demo,FAQ,2025-07-23,2270.56,2507.56,2353.22
Maharashtra,Pune,Pune,Tomato,Demo,FAQ,2025-07-23,2069.46,2325.67,2199.1
Maharashtra,Nagpur,Nagpur,Tomato,Demo,FAQ,2025-07-23,2058.16,2329.9,2216.83
Maharashtra,Nashik,Nashik,Onion,Demo,FAQ,2025-07-23,1889.48,2143.29,2006.78
Maharashtra,Pune,Pune,Onion,Demo,FAQ,2025-07-23,2083.88,2337.43,2179.94
Maharashtra,Nagpur,Nagpur,Onion,Demo,FAQ,2025-07-23,1520.42,1830.61,1654.07
Maharashtra,Nashik,Nashik,Potato,Demo,FAQ,2025-07-23,1354.93,1619.26,1520.5
Maharashtra,Pune,Pune,Potato,Demo,FAQ,2025-07-23,1575.91,1861.18,1743.73
Maharashtra,Nagpur,Nagpur,Potato,Demo,FAQ,2025-07-23,1142.94,1432.21,1304.03
Maharashtra,Nashik,Nashik,Soyabean,Demo,FAQ,2025-07-23,4301.22,4620.16,4479.44
Maharashtra,Pune,Pune,Soyabean,Demo,FAQ,2025-07-23,4690.52,4929.28,4807.52
Maharashtra,Nagpur,Nagpur,Soyabean,Demo,FAQ,2025-07-23,4108.5,4431.74,4267.97
Maharashtra,Nashik,Nashik,Wheat,Demo,FAQ,2025-07-23,2447.67,2725.48,2558.05
Maharashtra,Pune,Pune,Wheat,Demo,FAQ,2025-07-23,2503.17,2761.59,2635.22
Maharashtra,Nagpur,Nagpur,Wheat,Demo,FAQ,2025-07-23,2456.08,2699.25,2552.42
Maharashtra,Nashik,Nashik,Tomato,Demo,FAQ,2025-07-30,2137.67,2363.55,2279.54
Maharashtra,Pune,Pune,Tomato,Demo,FAQ,2025-07-30,2416.08,2649.74,2548.31
Maharashtra,Nagpur,Nagpur,Tomato,Demo,FAQ,2025-07-30,2068.51,2281.77,2167.35
Maharashtra,Nashik,Nashik,Onion,Demo,FAQ,2025-07-30,1678.51,1973.74,1853.24
Maharashtra,Pune,Pune,Onion,Demo,FAQ,2025-07-30,2004.21,2269.72,2181.65
Maharashtra,Nagpur,Nagpur,Onion,Demo,FAQ,2025-07-30,1794.02,2104.58,1961.16
Maharashtra,Nashik,Nashik,Potato,Demo,FAQ,2025-07-30,1463.36,1670.05,1586.46
Maharashtra,Pune,Pune,Potato,Demo,FAQ,2025-07-30,1589.65,1944.88,1769.0
Maharashtra,Nagpur,Nagpur,Potato,Demo,FAQ,2025-07-30,1470.85,1731.61,1621.43
Maharashtra,Nashik,Nashik,Soyabean,Demo,FAQ,2025-07-30,4384.6,4642.7,4469.11
Maharashtra,Pune,Pune,Soyabean,Demo,FAQ,2025-07-30,4385.43,4563.17,4477.18
Maharashtra,Nagpur,Nagpur,Soyabean,Demo,FAQ,2025-07-30,4516.19,4745.25,4611.76
Maharashtra,Nashik,Nashik,Wheat,Demo,FAQ,2025-07-30,2284.61,2541.08,2421.36
Maharashtra,Pune,Pune,Wheat,Demo,FAQ,2025-07-30,2500.56,2763.75,2586.87
Maharashtra,Nagpur,Nagpur,Wheat,Demo,FAQ,2025-07-30,2386.71,2594.25,2485.65
Maharashtra,Nashik,Nashik,Tomato,Demo,FAQ,2025-08-06,2031.89,2288.05,2121.32
Maharashtra,Pune,Pune,Tomato,Demo,FAQ,2025-08-06,2358.71,2699.3,2521.71
Maharashtra,Nagpur,Nagpur,Tomato,Demo,FAQ,2025-08-06,2030.8,2297.83,2205.14
Maharashtra,Nashik,Nashik,Onion,Demo,FAQ,2025-08-06,1865.73,2134.65,2000.3
Maharashtra,Pune,Pune,Onion,Demo,FAQ,2025-08-06,1964.32,2291.99,2141.5
Maharashtra,Nagpur,Nagpur,Onion,Demo,FAQ,2025-08-06,1386.87,1631.14,1512.51
Maharashtra,Nashik,Nashik,Potato,Demo,FAQ,2025-08-06,1327.15,1535.28,1446.31
Maharashtra,Pune,Pune,Potato,Demo,FAQ,2025-08-06,1518.18,1800.78,1676.17
Maharashtra,Nagpur,Nagpur,Potato,Demo,FAQ,2025-08-06,1334.71,1559.45,1475.93
Maharashtra,Nashik,Nashik,Soyabean,Demo,FAQ,2025-08-06,4411.44,4689.6,4512.02
Maharashtra,Pune,Pune,Soyabean,Demo,FAQ,2025-08-06,4547.3,4852.49,4678.88
Maharashtra,Nagpur,Nagpur,Soyabean,Demo,FAQ,2025-08-06,4083.74,4272.29,4187.38
Maharashtra,Nashik,Nashik,Wheat,Demo,FAQ,2025-08-06,2345.74,2531.58,2432.07
Maharashtra,Pune,Pune,Wheat,Demo,FAQ,2025-08-06,2518.67,2823.64,2689.92
Maharashtra,Nagpur,Nagpur,Wheat,Demo,FAQ,2025-08-06,2255.31,2515.56,2355.5
Maharashtra,Nashik,Nashik,Tomato,Demo,FAQ,2025-08-13,2334.14,2675.44,2500.55
Maharashtra,Pune,Pune,Tomato,Demo,FAQ,2025-08-13,2458.08,2649.73,2547.13
Maharashtra,Nagpur,Nagpur,Tomato,Demo,FAQ,2025-08-13,2077.87,2370.27,2252.44
Maharashtra,Nashik,Nashik,Onion,Demo,FAQ,2025-08-13,1772.87,2005.2,1906.92
Maharashtra,Pune,Pune,Onion,Demo,FAQ,2025-08-13,2105.81,2398.41,2251.13
Maharashtra,Nagpur,Nagpur,Onion,Demo,FAQ,2025-08-13,1829.05,2084.11,1931.92
Maharashtra,Nashik,Nashik,Potato,Demo,FAQ,2025-08-13,1548.78,1821.23,1722.44
Maharashtra,Pune,Pune,Potato,Demo,FAQ,2025-08-13,1549.04,1810.76,1678.8
Maharashtra,Nagpur,Nagpur,Potato,Demo,FAQ,2025-08-13,1399.3,1702.45,1522.97
Maharashtra,Nashik,Nashik,Soyabean,Demo,FAQ,2025-08-13,4155.51,4405.48,4283.31
Maharashtra,Pune,Pune,Soyabean,Demo,FAQ,2025-08-13,4486.96,4729.05,4626.26
Maharashtra,Nagpur,Nagpur,Soyabean,Demo,FAQ,2025-08-13,4230.62,4493.84,4315.7
Maharashtra,Nashik,Nashik,Wheat,Demo,FAQ,2025-08-13,2445.28,2742.51,2614.96
Maharashtra,Pune,Pune,Wheat,Demo,FAQ,2025-08-13,2381.7,2688.74,2543.92
Maharashtra,Nagpur,Nagpur,Wheat,Demo,FAQ,2025-08-13,2162.74,2429.35,2285.55
Maharashtra,Nashik,Nashik,Tomato,Demo,FAQ,2025-08-20,2344.68,2602.55,2487.78
Maharashtra,Pune,Pune,Tomato,Demo,FAQ,2025-08-20,2257.53,2580.77,2404.71
Maharashtra,Nagpur,Nagpur,Tomato,Demo,FAQ,2025-08-20,1886.87,2170.59,2009.38
Maharashtra,Nashik,Nashik,Onion,Demo,FAQ,2025-08-20,1763.01,2042.64,1916.66
Maharashtra,Pune,Pune,Onion,Demo,FAQ,2025-08-20,1736.06,1983.69,1890.58
Maharashtra,Nagpur,Nagpur,Onion,Demo,FAQ,2025-08-20,1804.16,2101.57,1946.84
Maharashtra,Nashik,Nashik,Potato,Demo,FAQ,2025-08-20,1481.68,1680.01,1588.94
Maharashtra,Pune,Pune,Potato,Demo,FAQ,2025-08-20,1491.53,1686.74,1586.98
Maharashtra,Nagpur,Nagpur,Potato,Demo,FAQ,2025-08-20,1432.89,1734.11,1565.83
Maharashtra,Nashik,Nashik,Soyabean,Demo,FAQ,2025-08-20,4300.61,4548.94,4451.43
Maharashtra,Pune,Pune,Soyabean,Demo,FAQ,2025-08-20,4539.36,4761.94,4667.2
Maharashtra,Nagpur,Nagpur,Soyabean,Demo,FAQ,2025-08-20,4222.45,4426.01,4333.28
Maharashtra,Nashik,Nashik,Wheat,Demo,FAQ,2025-08-20,2186.63,2424.12,2337.13
Maharashtra,Pune,Pune,Wheat,Demo,FAQ,2025-08-20,2271.13,2584.15,2429.35
Maharashtra,Nagpur,Nagpur,Wheat,Demo,FAQ,2025-08-20,2272.45,2559.33,2397.27
Maharashtra,Nashik,Nashik,Tomato,Demo,FAQ,2025-08-27,2002.38,2216.09,2118.46
Maharashtra,Pune,Pune,Tomato,Demo,FAQ,2025-08-27,2198.8,2422.1,2318.0
Maharashtra,Nagpur,Nagpur,Tomato,Demo,FAQ,2025-08-27,1976.85,2195.52,2088.24
Maharashtra,Nashik,Nashik,Onion,Demo,FAQ,2025-08-27,1777.68,2011.86,1901.56
Maharashtra,Pune,Pune,Onion,Demo,FAQ,2025-08-27,1700.12,1960.03,1803.72
Maharashtra,Nagpur,Nagpur,Onion,Demo,FAQ,2025-08-27,1577.83,1851.93,1707.63
Maharashtra,Nashik,Nashik,Potato,Demo,FAQ,2025-08-27,1181.38,1502.62,1361.27
Maharashtra,Pune,Pune,Potato,Demo,FAQ,2025-08-27,1544.46,1874.46,1715.32
Maharashtra,Nagpur,Nagpur,Potato,Demo,FAQ,2025-08-27,1534.76,1704.46,1622.88
Maharashtra,Nashik,Nashik,Soyabean,Demo,FAQ,2025-08-27,4007.82,4257.98,4137.25
Maharashtra,Pune,Pune,Soyabean,Demo,FAQ,2025-08-27,4445.32,4744.2,4580.54
Maharashtra,Nagpur,Nagpur,Soyabean,Demo,FAQ,2025-08-27,4431.94,4693.76,4534.46
Maharashtra,Nashik,Nashik,Wheat,Demo,FAQ,2025-08-27,2011.45,2358.22,2190.93
Maharashtra,Pune,Pune,Wheat,Demo,FAQ,2025-08-27,2400.67,2632.27,2512.1
Maharashtra,Nagpur,Nagpur,Wheat,Demo,FAQ,2025-08-27,2140.19,2454.7,2280.82
Maharashtra,Nashik,Nashik,Tomato,Demo,FAQ,2025-09-03,1828.6,2073.93,1964.3
Maharashtra,Pune,Pune,Tomato,Demo,FAQ,2025-09-03,2275.93,2461.24,2375.45
Maharashtra,Nagpur,Nagpur,Tomato,Demo,FAQ,2025-09-03,1887.89,2171.59,2008.18
Maharashtra,Nashik,Nashik,Onion,Demo,FAQ,2025-09-03,1703.39,1900.13,1802.58
Maharashtra,Pune,Pune,Onion,Demo,FAQ,2025-09-03,2018.61,2296.41,2125.08
Maharashtra,Nagpur,Nagpur,Onion,Demo,FAQ,2025-09-03,1647.01,1956.22,1794.78
Maharashtra,Nashik,Nashik,Potato,Demo,FAQ,2025-09-03,1357.54,1641.61,1465.16
Maharashtra,Pune,Pune,Potato,Demo,FAQ,2025-09-03,1624.44,1870.68,1747.43
Maharashtra,Nagpur,Nagpur,Potato,Demo,FAQ,2025-09-03,1323.42,1638.19,1481.0
Maharashtra,Nashik,Nashik,Soyabean,Demo,FAQ,2025-09-03,4212.92,4477.74,4376.43
Maharashtra,Pune,Pune,Soyabean,Demo,FAQ,2025-09-03,4394.4,4710.92,4531.52
Maharashtra,Nagpur,Nagpur,Soyabean,Demo,FAQ,2025-09-03,4218.67,4451.36,4319.47
Maharashtra,Nashik,Nashik,Wheat,Demo,FAQ,2025-09-03,2355.11,2563.53,2444.01
Maharashtra,Pune,Pune,Wheat,Demo,FAQ,2025-09-03,2216.32,2432.36,2333.48
Maharashtra,Nagpur,Nagpur,Wheat,Demo,FAQ,2025-09-03,2038.78,2287.73,2159.79
Maharashtra,Nashik,Nashik,Tomato,Demo,FAQ,2025-09-10,1852.36,2145.62,1996.58
Maharashtra,Pune,Pune,Tomato,Demo,FAQ,2025-09-10,2239.95,2481.47,2361.14
Maharashtra,Nagpur,Nagpur,Tomato,Demo,FAQ,2025-09-10,1989.82,2247.39,2094.41
Maharashtra,Nashik,Nashik,Onion,Demo,FAQ,2025-09-10,1769.41,1986.01,1859.19
Maharashtra,Pune,Pune,Onion,Demo,FAQ,2025-09-10,1746.63,1971.55,1845.17
Maharashtra,Nagpur,Nagpur,Onion,Demo,FAQ,2025-09-10,1667.14,1997.51,1826.75
Maharashtra,Nashik,Nashik,Potato,Demo,FAQ,2025-09-10,1413.12,1627.14,1519.72
Maharashtra,Pune,Pune,Potato,Demo,FAQ,2025-09-10,1617.17,1885.05,1710.67
Maharashtra,Nagpur,Nagpur,Potato,Demo,FAQ,2025-09-10,1427.17,1694.3,1529.64
Maharashtra,Nashik,Nashik,Soyabean,Demo,FAQ,2025-09-10,4321.15,4500.86,4404.66
Maharashtra,Pune,Pune,Soyabean,Demo,FAQ,2025-09-10,4363.08,4622.46,4521.37
Maharashtra,Nagpur,Nagpur,Soyabean,Demo,FAQ,2025-09-10,4123.77,4453.71,4288.87
Maharashtra,Nashik,Nashik,Wheat,Demo,FAQ,2025-09-10,2471.58,2723.38,2556.63
Maharashtra,Pune,Pune,Wheat,Demo,FAQ,2025-09-10,2227.5,2525.39,2369.39
Maharashtra,Nagpur,Nagpur,Wheat,Demo,FAQ,2025-09-10,2105.65,2437.59,2263.74
Maharashtra,Nashik,Nashik,Tomato,Demo,FAQ,2025-09-17,1821.02,2112.81,1945.14
Maharashtra,Pune,Pune,Tomato,Demo,FAQ,2025-09-17,2128.04,2444.57,2282.52
Maharashtra,Nagpur,Nagpur,Tomato,Demo,FAQ,2025-09-17,1675.49,1871.11,1767.28
Maharashtra,Nashik,Nashik,Onion,Demo,FAQ,2025-09-17,1732.86,2001.65,1863.39
Maharashtra,Pune,Pune,Onion,Demo,FAQ,2025-09-17,1826.84,2156.85,1985.53
Maharashtra,Nagpur,Nagpur,Onion,Demo,FAQ,2025-09-17,1756.06,2057.51,1909.72
Maharashtra,Nashik,Nashik,Potato,Demo,FAQ,2025-09-17,1429.74,1688.12,1528.6
Maharashtra,Pune,Pune,Potato,Demo,FAQ,2025-09-17,1343.61,1667.58,1495.79
Maharashtra,Nagpur,Nagpur,Potato,Demo,FAQ,2025-09-17,1628.2,1887.23,1743.4
Maharashtra,Nashik,Nashik,Soyabean,Demo,FAQ,2025-09-17,4394.1,4662.15,4572.76
Maharashtra,Pune,Pune,Soyabean,Demo,FAQ,2025-09-17,4366.29,4642.25,4533.85
Maharashtra,Nagpur,Nagpur,Soyabean,Demo,FAQ,2025-09-17,4054.85,4351.13,4173.13
Maharashtra,Nashik,Nashik,Wheat,Demo,FAQ,2025-09-17,2263.05,2530.2,2373.19
Maharashtra,Pune,Pune,Wheat,Demo,FAQ,2025-09-17,2172.53,2459.01,2313.16
Maharashtra,Nagpur,Nagpur,Wheat,Demo,FAQ,2025-09-17,2087.4,2271.86,2169.85
Maharashtra,Nashik,Nashik,Tomato,Demo,FAQ,2025-09-24,1892.28,2158.2,2028.64
Maharashtra,Pune,Pune,Tomato,Demo,FAQ,2025-09-24,2110.12,2391.46,2224.95
Maharashtra,Nagpur,Nagpur,Tomato,Demo,FAQ,2025-09-24,1961.8,2255.95,2081.44
Maharashtra,Nashik,Nashik,Onion,Demo,FAQ,2025-09-24,1632.54,1893.27,1787.51
Maharashtra,Pune,Pune,Onion,Demo,FAQ,2025-09-24,1681.25,2004.42,1835.85
Maharashtra,Nagpur,Nagpur,Onion,Demo,FAQ,2025-09-24,1468.67,1759.73,1601.8
Maharashtra,Nashik,Nashik,Potato,Demo,FAQ,2025-09-24,1733.56,1919.36,1836.64
Maharashtra,Pune,Pune,Potato,Demo,FAQ,2025-09-24,1415.33,1709.89,1566.33
Maharashtra,Nagpur,Nagpur,Potato,Demo,FAQ,2025-09-24,1039.48,1300.25,1172.64
Maharashtra,Nashik,Nashik,Soyabean,Demo,FAQ,2025-09-24,4153.23,4397.43,4297.27
Maharashtra,Pune,Pune,Soyabean,Demo,FAQ,2025-09-24,4320.84,4596.97,4482.01
Maharashtra,Nagpur,Nagpur,Soyabean,Demo,FAQ,2025-09-24,4234.5,4505.84,4328.6
Maharashtra,Nashik,Nashik,Wheat,Demo,FAQ,2025-09-24,2194.69,2480.09,2366.88
Maharashtra,Pune,Pune,Wheat,Demo,FAQ,2025-09-24,2473.26,2663.44,2574.44
Maharashtra,Nagpur,Nagpur,Wheat,Demo,FAQ,2025-09-24,1996.83,2262.95,2083.96
Maharashtra,Nashik,Nashik,Tomato,Demo,FAQ,2025-10-01,2192.03,2448.01,2285.28
Maharashtra,Pune,Pune,Tomato,Demo,FAQ,2025-10-01,2079.05,2379.58,2236.49
Maharashtra,Nagpur,Nagpur,Tomato,Demo,FAQ,2025-10-01,1895.25,2171.31,2039.1
Maharashtra,Nashik,Nashik,Onion,Demo,FAQ,2025-10-01,1552.23,1791.57,1676.96
Maharashtra,Pune,Pune,Onion,Demo,FAQ,2025-10-01,1738.83,1995.46,1835.8
Maharashtra,Nagpur,Nagpur,Onion,Demo,FAQ,2025-10-01,1668.01,1868.0,1763.36
Maharashtra,Nashik,Nashik,Potato,Demo,FAQ,2025-10-01,1497.77,1759.4,1610.79
Maharashtra,Pune,Pune,Potato,Demo,FAQ,2025-10-01,1519.27,1763.55,1607.04
Maharashtra,Nagpur,Nagpur,Potato,Demo,FAQ,2025-10-01,1289.33,1539.88,1390.99
Maharashtra,Nashik,Nashik,Soyabean,Demo,FAQ,2025-10-01,4166.23,4412.61,4275.73
Maharashtra,Pune,Pune,Soyabean,Demo,FAQ,2025-10-01,4496.48,4774.09,4631.91
Maharashtra,Nagpur,Nagpur,Soyabean,Demo,FAQ,2025-10-01,4379.76,4615.63,4522.12
Maharashtra,Nashik,Nashik,Wheat,Demo,FAQ,2025-10-01,2061.38,2357.12,2208.86
Maharashtra,Pune,Pune,Wheat,Demo,FAQ,2025-10-01,2248.46,2494.05,2373.14
Maharashtra,Nagpur,Nagpur,Wheat,Demo,FAQ,2025-10-01,2001.76,2228.09,2104.0
Maharashtra,Nashik,Nashik,Tomato,Demo,FAQ,2025-10-08,2385.39,2652.07,2489.09
Maharashtra,Pune,Pune,Tomato,Demo,FAQ,2025-10-08,2091.74,2375.03,2247.78
Maharashtra,Nagpur,Nagpur,Tomato,Demo,FAQ,2025-10-08,2114.7,2429.47,2256.68
Maharashtra,Nashik,Nashik,Onion,Demo,FAQ,2025-10-08,1557.46,1830.53,1690.33
Maharashtra,Pune,Pune,Onion,Demo,FAQ,2025-10-08,2090.24,2309.0,2177.43
Maharashtra,Nagpur,Nagpur,Onion,Demo,FAQ,2025-10-08,1287.41,1588.93,1459.58
Maharashtra,Nashik,Nashik,Potato,Demo,FAQ,2025-10-08,1521.27,1822.55,1697.49
Maharashtra,Pune,Pune,Potato,Demo,FAQ,2025-10-08,1636.44,1827.65,1738.13
Maharashtra,Nagpur,Nagpur,Potato,Demo,FAQ,2025-10-08,1327.8,1607.92,1451.0
Maharashtra,Nashik,Nashik,Soyabean,Demo,FAQ,2025-10-08,4046.47,4266.68,4129.69
Maharashtra,Pune,Pune,Soyabean,Demo,FAQ,2025-10-08,4310.07,4580.91,4484.18
Maharashtra,Nagpur,Nagpur,Soyabean,Demo,FAQ,2025-10-08,4134.56,4391.34,4247.18
Maharashtra,Nashik,Nashik,Wheat,Demo,FAQ,2025-10-08,2146.82,2405.85,2302.79
Maharashtra,Pune,Pune,Wheat,Demo,FAQ,2025-10-08,2429.17,2714.8,2559.19
Maharashtra,Nagpur,Nagpur,Wheat,Demo,FAQ,2025-10-08,2187.35,2469.63,2367.23
Maharashtra,Nashik,Nashik,Tomato,Demo,FAQ,2025-10-15,2085.3,2296.63,2190.34
Maharashtra,Pune,Pune,Tomato,Demo,FAQ,2025-10-15,2072.68,2431.06,2252.03
Maharashtra,Nagpur,Nagpur,Tomato,Demo,FAQ,2025-10-15,1971.66,2281.56,2115.56
Maharashtra,Nashik,Nashik,Onion,Demo,FAQ,2025-10-15,1849.41,2082.65,1949.79
Maharashtra,Pune,Pune,Onion,Demo,FAQ,2025-10-15,1791.61,2025.91,1901.93
Maharashtra,Nagpur,Nagpur,Onion,Demo,FAQ,2025-10-15,1766.04,2115.15,1944.54
Maharashtra,Nashik,Nashik,Potato,Demo,FAQ,2025-10-15,1540.24,1759.24,1647.16
Maharashtra,Pune,Pune,Potato,Demo,FAQ,2025-10-15,1621.16,1887.79,1757.24
Maharashtra,Nagpur,Nagpur,Potato,Demo,FAQ,2025-10-15,1363.0,1638.75,1483.83
Maharashtra,Nashik,Nashik,Soyabean,Demo,FAQ,2025-10-15,4136.33,4342.12,4249.4
Maharashtra,Pune,Pune,Soyabean,Demo,FAQ,2025-10-15,4447.91,4737.59,4612.96
Maharashtra,Nagpur,Nagpur,Soyabean,Demo,FAQ,2025-10-15,3857.02,4148.35,4012.96
Maharashtra,Nashik,Nashik,Wheat,Demo,FAQ,2025-10-15,2199.7,2409.04,2311.34
Maharashtra,Pune,Pune,Wheat,Demo,FAQ,2025-10-15,2427.73,2621.73,2535.24
Maharashtra,Nagpur,Nagpur,Wheat,Demo,FAQ,2025-10-15,2176.33,2396.67,2314.5
Maharashtra,Nashik,Nashik,Tomato,Demo,FAQ,2025-10-22,2196.25,2432.45,2291.79
Maharashtra,Pune,Pune,Tomato,Demo,FAQ,2025-10-22,2270.93,2482.39,2395.21
Maharashtra,Nagpur,Nagpur,Tomato,Demo,FAQ,2025-10-22,2020.13,2270.53,2189.43
Maharashtra,Nashik,Nashik,Onion,Demo,FAQ,2025-10-22,1671.07,1976.41,1841.46
Maharashtra,Pune,Pune,Onion,Demo,FAQ,2025-10-22,1944.53,2190.81,2044.81
Maharashtra,Nagpur,Nagpur,Onion,Demo,FAQ,2025-10-22,1552.65,1867.91,1692.6
Maharashtra,Nashik,Nashik,Potato,Demo,FAQ,2025-10-22,1237.11,1474.86,1347.13
Maharashtra,Pune,Pune,Potato,Demo,FAQ,2025-10-22,1785.14,1972.18,1887.58
Maharashtra,Nagpur,Nagpur,Potato,Demo,FAQ,2025-10-22,1486.05,1719.04,1637.19
Maharashtra,Nashik,Nashik,Soyabean,Demo,FAQ,2025-10-22,3981.19,4266.63,4125.59
Maharashtra,Pune,Pune,Soyabean,Demo,FAQ,2025-10-22,4379.44,4691.67,4540.5
Maharashtra,Nagpur,Nagpur,Soyabean,Demo,FAQ,2025-10-22,4261.98,4529.82,4389.48
Maharashtra,Nashik,Nashik,Wheat,Demo,FAQ,2025-10-22,2023.56,2210.18,2107.82
Maharashtra,Pune,Pune,Wheat,Demo,FAQ,2025-10-22,2209.03,2428.09,2330.42
Maharashtra,Nagpur,Nagpur,Wheat,Demo,FAQ,2025-10-22,1964.88,2237.59,2137.45
Maharashtra,Nashik,Nashik,Tomato,Demo,FAQ,2025-10-29,2169.55,2423.83,2251.34
Maharashtra,Pune,Pune,Tomato,Demo,FAQ,2025-10-29,2108.47,2345.98,2189.67
Maharashtra,Nagpur,Nagpur,Tomato,Demo,FAQ,2025-10-29,1852.01,2199.67,2022.6
Maharashtra,Nashik,Nashik,Onion,Demo,FAQ,2025-10-29,1852.35,2105.14,1940.16
Maharashtra,Pune,Pune,Onion,Demo,FAQ,2025-10-29,2030.35,2293.55,2171.82
Maharashtra,Nagpur,Nagpur,Onion,Demo,FAQ,2025-10-29,1806.67,2056.0,1902.02
Maharashtra,Nashik,Nashik,Potato,Demo,FAQ,2025-10-29,1294.76,1612.63,1447.73
Maharashtra,Pune,Pune,Potato,Demo,FAQ,2025-10-29,1733.48,1975.68,1864.46
Maharashtra,Nagpur,Nagpur,Potato,Demo,FAQ,2025-10-29,1255.7,1525.91,1409.01
Maharashtra,Nashik,Nashik,Soyabean,Demo,FAQ,2025-10-29,4364.92,4593.27,4466.87
Maharashtra,Pune,Pune,Soyabean,Demo,FAQ,2025-10-29,4271.99,4526.93,4425.4
Maharashtra,Nagpur,Nagpur,Soyabean,Demo,FAQ,2025-10-29,4353.67,4636.66,4471.49
Maharashtra,Nashik,Nashik,Wheat,Demo,FAQ,2025-10-29,2155.84,2470.38,2297.71
Maharashtra,Pune,Pune,Wheat,Demo,FAQ,2025-10-29,2391.07,2719.09,2540.36
Maharashtra,Nagpur,Nagpur,Wheat,Demo,FAQ,2025-10-29,2144.58,2380.84,2233.42
Maharashtra,Nashik,Nashik,Tomato,Demo,FAQ,2025-11-05,1998.41,2213.07,2085.54
Maharashtra,Pune,Pune,Tomato,Demo,FAQ,2025-11-05,2242.89,2464.9,2351.4
Maharashtra,Nagpur,Nagpur,Tomato,Demo,FAQ,2025-11-05,1884.15,2180.43,2016.16
Maharashtra,Nashik,Nashik,Onion,Demo,FAQ,2025-11-05,1828.3,2148.68,2003.6
Maharashtra,Pune,Pune,Onion,Demo,FAQ,2025-11-05,1805.8,2103.23,1974.3
Maharashtra,Nagpur,Nagpur,Onion,Demo,FAQ,2025-11-05,1666.85,1910.88,1762.12
Maharashtra,Nashik,Nashik,Potato,Demo,FAQ,2025-11-05,1544.18,1746.82,1652.84
Maharashtra,Pune,Pune,Potato,Demo,FAQ,2025-11-05,1571.54,1825.16,1692.98
Maharashtra,Nagpur,Nagpur,Potato,Demo,FAQ,2025-11-05,1374.62,1599.27,1457.83
Maharashtra,Nashik,Nashik,Soyabean,Demo,FAQ,2025-11-05,4088.65,4324.65,4233.79
Maharashtra,Pune,Pune,Soyabean,Demo,FAQ,2025-11-05,4465.87,4696.36,4570.7
Maharashtra,Nagpur,Nagpur,Soyabean,Demo,FAQ,2025-11-05,4154.08,4432.89,4315.11
Maharashtra,Nashik,Nashik,Wheat,Demo,FAQ,2025-11-05,2225.03,2446.57,2364.38
Maharashtra,Pune,Pune,Wheat,Demo,FAQ,2025-11-05,2453.95,2690.56,2568.44
Maharashtra,Nagpur,Nagpur,Wheat,Demo,FAQ,2025-11-05,1973.12,2305.64,2131.4
Maharashtra,Nashik,Nashik,Tomato,Demo,FAQ,2025-11-12,2100.92,2397.44,2241.06
Maharashtra,Pune,Pune,Tomato,Demo,FAQ,2025-11-12,2251.54,2553.53,2410.3
Maharashtra,Nagpur,Nagpur,Tomato,Demo,FAQ,2025-11-12,1871.46,2133.79,2049.56
Maharashtra,Nashik,Nashik,Onion,Demo,FAQ,2025-11-12,1698.65,1928.03,1833.35
Maharashtra,Pune,Pune,Onion,Demo,FAQ,2025-11-12,1715.92,1976.31,1894.68
Maharashtra,Nagpur,Nagpur,Onion,Demo,FAQ,2025-11-12,1515.68,1792.34,1679.95
Maharashtra,Nashik,Nashik,Potato,Demo,FAQ,2025-11-12,1283.71,1589.0,1461.51
Maharashtra,Pune,Pune,Potato,Demo,FAQ,2025-11-12,1587.49,1868.61,1762.03
Maharashtra,Nagpur,Nagpur,Potato,Demo,FAQ,2025-11-12,1420.82,1632.25,1509.89
Maharashtra,Nashik,Nashik,Soyabean,Demo,FAQ,2025-11-12,4340.21,4647.56,4470.45
Maharashtra,Pune,Pune,Soyabean,Demo,FAQ,2025-11-12,4448.39,4744.8,4578.85
Maharashtra,Nagpur,Nagpur,Soyabean,Demo,FAQ,2025-11-12,4028.69,4302.19,4136.64
Maharashtra,Nashik,Nashik,Wheat,Demo,FAQ,2025-11-12,2304.83,2615.56,2437.91
Maharashtra,Pune,Pune,Wheat,Demo,FAQ,2025-11-12,2393.9,2587.15,2504.04
Maharashtra,Nagpur,Nagpur,Wheat,Demo,FAQ,2025-11-12,2226.89,2474.91,2326.91
Maharashtra,Nashik,Nashik,Tomato,Demo,FAQ,2025-11-19,2206.7,2460.53,2354.18
Maharashtra,Pune,Pune,Tomato,Demo,FAQ,2025-11-19,2380.42,2646.98,2495.31
Maharashtra,Nagpur,Nagpur,Tomato,Demo,FAQ,2025-11-19,1926.85,2208.24,2042.98
Maharashtra,Nashik,Nashik,Onion,Demo,FAQ,2025-11-19,1912.46,2183.85,2013.84
Maharashtra,Pune,Pune,Onion,Demo,FAQ,2025-11-19,1865.94,2079.3,1949.84
Maharashtra,Nagpur,Nagpur,Onion,Demo,FAQ,2025-11-19,1869.82,2128.38,1973.67
Maharashtra,Nashik,Nashik,Potato,Demo,FAQ,2025-11-19,1480.35,1814.74,1641.05
Maharashtra,Pune,Pune,Potato,Demo,FAQ,2025-11-19,1416.33,1718.72,1567.37
Maharashtra,Nagpur,Nagpur,Potato,Demo,FAQ,2025-11-19,1246.8,1457.24,1360.95
Maharashtra,Nashik,Nashik,Soyabean,Demo,FAQ,2025-11-19,4346.83,4577.95,4480.15
Maharashtra,Pune,Pune,Soyabean,Demo,FAQ,2025-11-19,4618.92,4873.1,4700.34
Maharashtra,Nagpur,Nagpur,Soyabean,Demo,FAQ,2025-11-19,4227.11,4401.9,4311.07
Maharashtra,Nashik,Nashik,Wheat,Demo,FAQ,2025-11-19,2089.87,2280.54,2197.26
Maharashtra,Pune,Pune,Wheat,Demo,FAQ,2025-11-19,2416.46,2633.62,2515.75
Maharashtra,Nagpur,Nagpur,Wheat,Demo,FAQ,2025-11-19,2227.14,2453.83,2341.04
Maharashtra,Nashik,Nashik,Tomato,Demo,FAQ,2025-11-26,2224.68,2407.41,2307.2
Maharashtra,Pune,Pune,Tomato,Demo,FAQ,2025-11-26,2248.26,2600.19,2427.34
Maharashtra,Nagpur,Nagpur,Tomato,Demo,FAQ,2025-11-26,2013.71,2258.35,2146.89
Maharashtra,Nashik,Nashik,Onion,Demo,FAQ,2025-11-26,1857.99,2178.89,2014.46
Maharashtra,Pune,Pune,Onion,Demo,FAQ,2025-11-26,2000.71,2280.84,2124.15
Maharashtra,Nagpur,Nagpur,Onion,Demo,FAQ,2025-11-26,1841.64,2125.41,1952.49
Maharashtra,Nashik,Nashik,Potato,Demo,FAQ,2025-11-26,1261.92,1598.36,1441.35
Maharashtra,Pune,Pune,Potato,Demo,FAQ,2025-11-26,1456.96,1686.0,1602.59
Maharashtra,Nagpur,Nagpur,Potato,Demo,FAQ,2025-11-26,1364.84,1665.0,1524.76
Maharashtra,Nashik,Nashik,Soyabean,Demo,FAQ,2025-11-26,4242.86,4440.24,4332.65
Maharashtra,Pune,Pune,Soyabean,Demo,FAQ,2025-11-26,4570.93,4780.0,4655.18
Maharashtra,Nagpur,Nagpur,Soyabean,Demo,FAQ,2025-11-26,4262.88,4504.66,4382.15
Maharashtra,Nashik,Nashik,Wheat,Demo,FAQ,2025-11-26,2358.81,2635.22,2465.85
Maharashtra,Pune,Pune,Wheat,Demo,FAQ,2025-11-26,2588.25,2831.28,2701.03
Maharashtra,Nagpur,Nagpur,Wheat,Demo,FAQ,2025-11-26,2155.49,2391.5,2261.23
Maharashtra,Nashik,Nashik,Tomato,Demo,FAQ,2025-12-03,2192.1,2443.87,2307.29
Maharashtra,Pune,Pune,Tomato,Demo,FAQ,2025-12-03,2322.4,2590.46,2484.79
Maharashtra,Nagpur,Nagpur,Tomato,Demo,FAQ,2025-12-03,2306.18,2641.41,2464.65
Maharashtra,Nashik,Nashik,Onion,Demo,FAQ,2025-12-03,1794.05,2020.9,1888.26
Maharashtra,Pune,Pune,Onion,Demo,FAQ,2025-12-03,2073.85,2374.09,2235.67
Maharashtra,Nagpur,Nagpur,Onion,Demo,FAQ,2025-12-03,1699.76,1964.24,1872.72
Maharashtra,Nashik,Nashik,Potato,Demo,FAQ,2025-12-03,1579.32,1817.31,1731.42
Maharashtra,Pune,Pune,Potato,Demo,FAQ,2025-12-03,1559.4,1807.74,1720.99
Maharashtra,Nagpur,Nagpur,Potato,Demo,FAQ,2025-12-03,1493.54,1745.69,1599.4
Maharashtra,Nashik,Nashik,Soyabean,Demo,FAQ,2025-12-03,4208.8,4551.98,4382.5
Maharashtra,Pune,Pune,Soyabean,Demo,FAQ,2025-12-03,4593.9,4844.99,4706.23
Maharashtra,Nagpur,Nagpur,Soyabean,Demo,FAQ,2025-12-03,4341.15,4561.04,4465.41
Maharashtra,Nashik,Nashik,Wheat,Demo,FAQ,2025-12-03,2190.86,2496.37,2370.84
Maharashtra,Pune,Pune,Wheat,Demo,FAQ,2025-12-03,2662.01,2962.49,2790.25
Maharashtra,Nagpur,Nagpur,Wheat,Demo,FAQ,2025-12-03,2442.38,2706.74,2533.78
Maharashtra,Nashik,Nashik,Tomato,Demo,FAQ,2025-12-10,2111.5,2338.49,2222.98
Maharashtra,Pune,Pune,Tomato,Demo,FAQ,2025-12-10,2210.65,2431.28,2332.27
Maharashtra,Nagpur,Nagpur,Tomato,Demo,FAQ,2025-12-10,2146.46,2402.31,2251.79
Maharashtra,Nashik,Nashik,Onion,Demo,FAQ,2025-12-10,1988.63,2217.88,2072.51
Maharashtra,Pune,Pune,Onion,Demo,FAQ,2025-12-10,2270.57,2505.52,2416.12
Maharashtra,Nagpur,Nagpur,Onion,Demo,FAQ,2025-12-10,1636.44,1958.92,1791.3
Maharashtra,Nashik,Nashik,Potato,Demo,FAQ,2025-12-10,1584.95,1813.8,1696.96
Maharashtra,Pune,Pune,Potato,Demo,FAQ,2025-12-10,1817.77,2013.52,1927.46
Maharashtra,Nagpur,Nagpur,Potato,Demo,FAQ,2025-12-10,1386.23,1610.28,1491.68
Maharashtra,Nashik,Nashik,Soyabean,Demo,FAQ,2025-12-10,4182.63,4431.52,4288.82
Maharashtra,Pune,Pune,Soyabean,Demo,FAQ,2025-12-10,4521.22,4769.15,4635.76
Maharashtra,Nagpur,Nagpur,Soyabean,Demo,FAQ,2025-12-10,4272.47,4529.11,4390.36
Maharashtra,Nashik,Nashik,Wheat,Demo,FAQ,2025-12-10,2509.09,2812.26,2641.28
Maharashtra,Pune,Pune,Wheat,Demo,FAQ,2025-12-10,2628.23,2837.01,2714.1
Maharashtra,Nagpur,Nagpur,Wheat,Demo,FAQ,2025-12-10,2327.76,2632.27,2506.43
Maharashtra,Nashik,Nashik,Tomato,Demo,FAQ,2025-12-17,2417.53,2646.39,2553.73
Maharashtra,Pune,Pune,Tomato,Demo,FAQ,2025-12-17,2360.92,2644.03,2491.69
Maharashtra,Nagpur,Nagpur,Tomato,Demo,FAQ,2025-12-17,1919.17,2203.31,2062.06
Maharashtra,Nashik,Nashik,Onion,Demo,FAQ,2025-12-17,1886.41,2217.56,2050.65
Maharashtra,Pune,Pune,Onion,Demo,FAQ,2025-12-17,2082.83,2320.07,2218.45
Maharashtra,Nagpur,Nagpur,Onion,Demo,FAQ,2025-12-17,2057.8,2324.66,2202.64
Maharashtra,Nashik,Nashik,Potato,Demo,FAQ,2025-12-17,1497.12,1761.4,1611.02
Maharashtra,Pune,Pune,Potato,Demo,FAQ,2025-12-17,1690.16,1948.32,1779.51
Maharashtra,Nagpur,Nagpur,Potato,Demo,FAQ,2025-12-17,1529.53,1738.74,1629.51
Maharashtra,Nashik,Nashik,Soyabean,Demo,FAQ,2025-12-17,4537.04,4828.91,4687.86
Maharashtra,Pune,Pune,Soyabean,Demo,FAQ,2025-12-17,4693.53,4887.4,4803.44
Maharashtra,Nagpur,Nagpur,Soyabean,Demo,FAQ,2025-12-17,4166.15,4330.96,4250.47
Maharashtra,Nashik,Nashik,Wheat,Demo,FAQ,2025-12-17,2505.33,2835.86,2680.21
Maharashtra,Pune,Pune,Wheat,Demo,FAQ,2025-12-17,2642.74,2894.96,2771.35
Maharashtra,Nagpur,Nagpur,Wheat,Demo,FAQ,2025-12-17,2166.27,2421.55,2298.44
Maharashtra,Nashik,Nashik,Tomato,Demo,FAQ,2025-12-24,2330.29,2679.6,2500.1
Maharashtra,Pune,Pune,Tomato,Demo,FAQ,2025-12-24,2307.31,2523.85,2425.77
Maharashtra,Nagpur,Nagpur,Tomato,Demo,FAQ,2025-12-24,2218.51,2424.71,2327.26
Maharashtra,Nashik,Nashik,Onion,Demo,FAQ,2025-12-24,1914.61,2216.16,2044.23
Maharashtra,Pune,Pune,Onion,Demo,FAQ,2025-12-24,2183.21,2390.24,2269.91
Maharashtra,Nagpur,Nagpur,Onion,Demo,FAQ,2025-12-24,1972.68,2257.56,2078.96
Maharashtra,Nashik,Nashik,Potato,Demo,FAQ,2025-12-24,1516.77,1753.94,1616.58
Maharashtra,Pune,Pune,Potato,Demo,FAQ,2025-12-24,1543.81,1799.52,1681.85
Maharashtra,Nagpur,Nagpur,Potato,Demo,FAQ,2025-12-24,1708.68,1925.38,1802.54
Maharashtra,Nashik,Nashik,Soyabean,Demo,FAQ,2025-12-24,4446.69,4730.47,4613.51
Maharashtra,Pune,Pune,Soyabean,Demo,FAQ,2025-12-24,4749.55,4933.5,4836.47
Maharashtra,Nagpur,Nagpur,Soyabean,Demo,FAQ,2025-12-24,4454.14,4715.73,4606.93
Maharashtra,Nashik,Nashik,Wheat,Demo,FAQ,2025-12-24,2623.1,2876.0,2709.74
Maharashtra,Pune,Pune,Wheat,Demo,FAQ,2025-12-24,2541.05,2712.32,2629.95
Maharashtra,Nagpur,Nagpur,Wheat,Demo,FAQ,2025-12-24,2245.76,2514.59,2411.12
Maharashtra,Nashik,Nashik,Tomato,Demo,FAQ,2025-12-31,2225.21,2507.39,2347.84
Maharashtra,Pune,Pune,Tomato,Demo,FAQ,2025-12-31,2652.18,2961.15,2782.25
Maharashtra,Nagpur,Nagpur,Tomato,Demo,FAQ,2025-12-31,2168.3,2416.55,2331.37
Maharashtra,Nashik,Nashik,Onion,Demo,FAQ,2025-12-31,2095.62,2410.78,2264.25
Maharashtra,Pune,Pune,Onion,Demo,FAQ,2025-12-31,2187.63,2415.82,2293.96
Maharashtra,Nagpur,Nagpur,Onion,Demo,FAQ,2025-12-31,2135.98,2394.35,2268.13
Maharashtra,Nashik,Nashik,Potato,Demo,FAQ,2025-12-31,1840.39,2056.02,1950.93
Maharashtra,Pune,Pune,Potato,Demo,FAQ,2025-12-31,1569.0,1831.2,1663.99
Maharashtra,Nagpur,Nagpur,Potato,Demo,FAQ,2025-12-31,1783.01,2025.78,1876.39
Maharashtra,Nashik,Nashik,Soyabean,Demo,FAQ,2025-12-31,4387.99,4586.81,4491.75
Maharashtra,Pune,Pune,Soyabean,Demo,FAQ,2025-12-31,4661.24,4902.19,4745.97
Maharashtra,Nagpur,Nagpur,Soyabean,Demo,FAQ,2025-12-31,4747.6,4986.9,4832.09
Maharashtra,Nashik,Nashik,Wheat,Demo,FAQ,2025-12-31,2562.06,2856.88,2701.27
Maharashtra,Pune,Pune,Wheat,Demo,FAQ,2025-12-31,2422.34,2642.95,2503.43
Maharashtra,Nagpur,Nagpur,Wheat,Demo,FAQ,2025-12-31,2277.86,2482.57,2383.62
